note_id,account_id,title,body,tags,url,like_count,collect_count,comment_count,published_at,collected_at,source_keywords,raw_path
666c1412000000000e03058c,62f2529b000000001f01627f,论留学机构老师的前后反差,#留学[话题]##留学机构[话题]# #留学生[话题]# #留子[话题]##搞笑[话题]#,留学|留学机构|留学生|留子|搞笑,https://www.xiaohongshu.com/explore/666c1412000000000e03058c?xsec_token=ABNABFGn0UIrsqboxRvC_qPJxwczpTAtfCkjokSdJTADk=&xsec_source=pc_search,10000,921,342,2024-06-14T09:57:38+00:00,2026-06-24T00:22:49.982553+00:00,留学辅导,data/raw/2026-06-24T00-04-57-259133-00-00/xhs/jsonl/search_contents_2026-06-24.jsonl
68809e43000000002203e3e6,668535e70000000003032b7a,小女孩发展无偿帮助（留学生版）,"一路走来受到太多贵人相助，想尽自己小小的力量给女孩子们更多支持🩵感谢@暂时不会摆烂 等多位po主，创建这么美好的空间
	
🩵关于我：俺还是本科生，现就读于新加坡国立大学，专业是商科+艺术史。
高中就读于北京一零一中国际部，英美加拿大新加坡都有申请。最终都拿到了不错的offer。这三年还遇见了一群特别美好的老师和伙伴
在小学我曾经被排挤，经历过很艰难的一段时间。直到初中，进到一个很温暖的环境，遇到至今还在联系的朋友和老师们，才慢慢释怀
	
🩵我可以提供的小帮助：
-本科留学申请相关的讨论/咨询
-经济学方向的竞赛辅导（丘成桐、NEC等）
-心理学方向的竞赛辅导（john locke、hosa）
-toefl sat的备考指南及辅导（俺的托福是115，sat最高分是1560）其他英语学习也可以
-活动规划/社团也可以讨论讨论！
-学习相关的都可以！我还挺享受学习的嘿嘿
-小姑娘们人际关系上的困惑！特别是青春期的小朋友！没有什么比身心健康更重要了（小男孩儿也行）
	
🩵采用什么方式：腾讯会议，可以不开摄像头，单次通话20分钟左右。如果不想通话，约个时间私信打字沟通20分钟也可以。时间预计在周末进行
	
🩵如何被选中：请关注我的账户（方便查收信息），并且私信我尽可能完整地介绍你的情况、背景以及所需要的支持。可以列出三个最主要的问题。我会按照时间顺序、以及我的知识覆盖范围，选择是否入选并私信回复确认。我将量力而行，也希望来者礼貌噢🩵
#女性成长[话题]##留学生[话题]# #美本申请[话题]# #英本申请[话题]# #girlshelp[话题]# #新加坡本科留学[话题]##新加坡国立大学[话题]# #女孩子帮助女孩子[话题]# #成长[话题]# #青春期[话题]# @知识薯 @公益薯",女性成长|留学生|美本申请|英本申请|girlshelp|新加坡本科留学|新加坡国立大学|女孩子帮助女孩子|成长|青春期,https://www.xiaohongshu.com/explore/68809e43000000002203e3e6?xsec_token=ABiNJKtjp1SkwStqWjZPqtnS2savilrZ9-7mW92vs0E1U=&xsec_source=pc_search,2087,837,109,2025-07-23T08:33:07+00:00,2026-06-24T00:22:49.982553+00:00,留学辅导,data/raw/2026-06-24T00-04-57-259133-00-00/xhs/jsonl/search_contents_2026-06-24.jsonl
664176cd000000001e03a636,638ea9d7000000001f01d7f7,留学生1v1辅导|留学生的“作业帮”,"留学生开学后课业压力真的很大，不仅要适应全新的教学体系，作业考试接踵而来，DDL每时每刻都在PUSH进度，晦涩的知识点像翻不过去的大山，这时候多想有一个留学生版“作业帮”!
·
💯路觅深耕留学生辅导领域，致力于为每位留学生提供“更具性价比”的保姆式留学辅导，解决学业上各类疑难杂症
-
最近热门的辅导类型：
·
💡Quiz
❌难点：短时间内做多道题目，需要对知识非常熟悉
✔️路觅导师从巩固所需知识点开始，讲解简单易懂的解题思路，保障学生融会贯通
·
💡写作指导/pre
❌难点：写作不熟悉，不会搜集并分析市场调研或实验卡壳等
✔️路觅导师从BS定题开始，教授研究方法，指导实验步骤，架构清晰的文章逻辑结构，培养critical thinking
·
💡Midterm/Final exam
❌难点：考试难度大，晦涩知识点堆积
✔️路觅导师同步学习进度，知识体系查漏补缺，巩固考试重难点，攻克薄弱点内容
-
除了以上的辅导，路觅1V1辅导还可以提供：
🔸全学期稳分
量身定制稳分计划，匹配最高标准的稳分导师，保障高GPA/WAM，不达目标退款
🔸暑期预习
由路觅金牌导师授课，提前入门专业核心课的重难点知识，结合真题提升实战经验
🔸申诉辅导
由海外执证律师带领4D申诉团队，经验丰富，解决各类申诉难题
-
🎓“名师”才能出高徒：
🔹严选QS前列名校导师，皆通过高标准培训
🔹兼备专业硬实力和教学经验，因材施教
🔹及时响应有问必答，针对性解决学业难题
🔹全程跟进学习进度，拒绝无效拖延
-
📚近期热门辅导专业：
国际贸易、finance、accounting、国际管理
生物技术、营养学、医学、护理、生物医学
建筑学、土木工程、人工智能、计算机科学...
-
👇点击【立即咨询】预科、本硕全专业覆盖，具体需求具体分析~
-
▪路觅教育｜专注留学课程辅导
▪主页查看更多辅导案例
-
官方课程案例： @路觅留学生课程辅导
更多课程信息： @路觅留学辅导Lumist
·
☑点下「关注」需时备用
·
#留学生辅导[话题]# #留学辅导我选路觅[话题]# #路觅留学辅导[话题]# #留学生作业[话题]# #留学辅导[话题]# #留学英国[话题]# #留学澳洲[话题]# #留学新加坡[话题]# #留学美国[话题]# #留学加拿大[话题]#",留学生辅导|留学辅导我选路觅|路觅留学辅导|留学生作业|留学辅导|留学英国|留学澳洲|留学新加坡|留学美国|留学加拿大,https://www.xiaohongshu.com/explore/664176cd000000001e03a636?xsec_token=AB4lkGWRMz0XJMiD8dojAInC57E0nkZmwgOUkdU7R3LnE=&xsec_source=pc_search,1343,627,129,2024-05-17T09:30:29+00:00,2026-06-24T00:22:49.982553+00:00,留学辅导,data/raw/2026-06-24T00-04-57-259133-00-00/xhs/jsonl/search_contents_2026-06-24.jsonl
69cf7df7000000001b001416,67e571cf000000000e0133f9,🇦🇺🧩｜留子假期弯道超车,"这段时间放假，其实我一开始是打算彻底躺一下的😴
但休息两天之后发现，如果什么都不做，开学很容易又回到那种一边赶进度一边乱学的状态。
内容一多就容易学得很碎。lecture听了、材料也看了，但很多东西就是连不起来，最后复习的时候还得重新理一遍，特别浪费时间。
所以这次放假我就想换个方式，把节奏先理顺一点。
	
最近在用万能班长的课时卡，它不是那种很散的答疑，而是会先根据每门课的情况和评分要求去做1v1学习规划，再针对薄弱项分层去补。对多门课一起推进的人来说，会比自己硬熬更高效！
而且课时卡可以分配到不同课程上，用起来比较灵活，放假这段时间刚好可以慢慢把之前没理顺的部分补起来。
现在的感觉就是，没有之前那种“越学越乱”的状态了，至少知道自己在往哪推进。
如果你也想利用这段假期把节奏调整回来，其实还挺适合试试这种方式的。
	
#留学生日常[话题]# #万能班长[话题]# #万能班长留学辅导[话题]# #万能班长课程辅导[话题]#、#万能班长课时卡[话题]# #澳洲留学[话题]# #假期的正确打开方式[话题]#",留学生日常|万能班长|万能班长留学辅导|万能班长课程辅导|万能班长课时卡|澳洲留学|假期的正确打开方式,https://www.xiaohongshu.com/explore/69cf7df7000000001b001416?xsec_token=ABgk7VsQgN2l8N4NxuiUbfKXxpiyce9WUZut_AEZwVU8o=&xsec_source=pc_search,1171,550,34,2026-04-07T09:03:13+00:00,2026-06-24T00:22:49.982553+00:00,留学辅导,data/raw/2026-06-24T00-04-57-259133-00-00/xhs/jsonl/search_contents_2026-06-24.jsonl
69c1ee7100000000220034a9,69114145000000003700a77f,留学中介避雷（完全版）,"1⃣️问老师要线下办公地址加照片，确保正规公司
2⃣️要营业执照，执照都没有可以直接pass掉了
3⃣️无offer是否退款退款比例如何？ 中途是否可以终止合同？
4⃣️问清楚哪些要自己付钱，哪些是全包的，签订后是否有隐形费用，合同必须写的清清楚楚
5⃣️有没有面试辅导、雅思、实习匹配等服务？
💡比如我当时有两段实习，有一段大厂的是老师这边推荐的，另外一段就没有写进简历里面，面试辅导和雅思学习指导也是包含在服务里面的
	
6⃣️加申费用，同专业的费用，不同专业的费用，是否明确？ 如何界定是否需要重写文书
7⃣️如果语言没过如何处理，是否有补救方案？
8⃣️把想申请的专业给老师说，让老师给出建议规划以及文书如何撰写的规划，注意！如果单纯的销售是不懂文书的，但是专业的顾问能给到文书建议。
9⃣️文书老师资质如何？（背景相似吗）
🔟文书前期是直接填表还是头脑风暴？
1⃣️1⃣️初稿最快多久出？ 最晚多久出？修改是否限制次数？是否写进合同？
1⃣️2⃣️我自己能拿到无水印的word文书吗？
1⃣️3⃣️不同学校/项目不同文书？
1⃣️4⃣️是否会有一个详细的时间规划表？
1⃣️5⃣️是否会对我进行背景提升实习竞赛？
💡如果是低年级提前找机构的宝宝，时间规划非常重要，意味着上学的时候，老师会根据你的均分和学习情况来进行背景提升，告诉你选择什么课程，参加什么竞赛，这些包含在服务，包括实习这些也需要有相应的匹配
	
1⃣️6⃣️邮箱是否透明？ 账号密码是否给到我？
1⃣️7⃣️会一直跟进到我入学选课吗？ 选课不会有帮助吗？能否写进合同？
1⃣️8⃣️会帮我解决住宿问题吗？
1⃣️9⃣️会帮忙办理银行卡/手机卡吗？
2⃣️0⃣️要是学校有奖学金会帮助我申请吗？
2⃣️1⃣️一个老师最多带多少学生呢？
2⃣️2⃣️签约后有几个老师负责？
2⃣️3⃣️文书老师和网申老师如何分工？如何对接？谁回答问题，回复速度？
2⃣️4⃣️人员变动如何处理？
2⃣️5⃣️因为变动或老师缘故错过ddl如何退费？ 是否写进合同？
	
暂时整理了这些，后续还想到了什么再给大家整理！也欢迎大家积极分享！希望以上内容能帮到大家~
	
#港硕[话题]# #双非留学[话题]# #香港留学[话题]#  #留学申请季[话题]# #留学申请指南[话题]# #留学中介避坑[话题]#  #硕士留学[话题]# #研究生申请[话题]# #港中文[话题]#",港硕|双非留学|香港留学|留学申请季|留学申请指南|留学中介避坑|硕士留学|研究生申请|港中文,https://www.xiaohongshu.com/explore/69c1ee7100000000220034a9?xsec_token=ABAUqDWCy5leDo_BLilwH2ecAowwbI_UwEoErY3sBGo2Y=&xsec_source=pc_search,970,1105,213,2026-03-24T01:52:49+00:00,2026-06-24T00:22:49.982553+00:00,留学辅导,data/raw/2026-06-24T00-04-57-259133-00-00/xhs/jsonl/search_contents_2026-06-24.jsonl
67e58240000000001d026c4f,5e9d37f20000000001004cec,🇬🇧英区留学远程副业 三月收入930磅+,"这个月即将结束收入💷930磅+ 花费400磅+
	
收入💷
[一R]课程辅导
这个月一共接了四个辅导，两个Marketing Strategy，一个Digital Marketing，和一个Qualitative Research
一共收入约200磅
	
[二R]文书写作、简历润色
接了三套文书写作的活儿，以及两份简历和文书润色
收入约350磅
	
[三R]商科报告Proofreading和RP润色
接了两个商科作业的修改建议和润色，以及Research Proposal的润色，收入约90磅
	
[四R]自媒体收入
这个月接了四次广告一共收入约290磅
	
支出💷
这个月没有怎么出去玩，也没有购物，基本上花费都在食物以及日用品/营养品，食物上因为用了Olio领免费食物，基本上省下了50%的食物开销，只外出中餐厅一次，咖啡两次，所以在食物大概花了250磅。此外生活用品+蛋白粉+维生素花了大概150磅
	
靠前几年在学校和毕业后的副业+工作赚够了英国读博的学费，现在要靠做副业去赚生活费，基本上这个月的盈余算是覆盖了1月份去东欧旅行多花出来的费用！能继续活下去了。
	
#留学生副业[话题]# #博士留学[话题]# #读博日记[话题]# #自费读博[话题]# #副业收入[话题]# #远程工作[话题]# #留学生生活费[话题]# #留学是一场孤岛求生[话题]# #自己赚钱留学[话题]# #英国留学生[话题]#",留学生副业|博士留学|读博日记|自费读博|副业收入|远程工作|留学生生活费|留学是一场孤岛求生|自己赚钱留学|英国留学生,https://www.xiaohongshu.com/explore/67e58240000000001d026c4f?xsec_token=ABC4gK99_pVfASbDN2zSEyj938MAyt7nV8Qk-4ahFDazs=&xsec_source=pc_search,693,371,54,2025-03-27T16:52:16+00:00,2026-06-24T00:22:49.982553+00:00,留学辅导,data/raw/2026-06-24T00-04-57-259133-00-00/xhs/jsonl/search_contents_2026-06-24.jsonl
69c512df000000002102dee8,5c751d740000000011007314,School Day🎒,"又到交ddl的时间了 平时我真的纯纯拖延症晚期
不到最后2天完全不想开始准备 每次都是拖到最后才开始爆肝.....
而且考前复习的时候也很混乱
一堆乱七八糟的知识点  也分不清哪里会考哪里重要
但这学期试了一下学姐推荐的万能班长课时卡  真的打开了新世界大门🥹
有专业的老师耐心为我梳理知识点  把之前上课没听懂的地方拆开揉碎了给我讲明白
重点、高频考点、易错题型答题思路全都会帮我理顺
老师会带我一起分析topic   分析完之后结构怎么搭、后面怎么展开  思路一下就清晰了✍️
而且课时卡支持自由用到不同课程和作业上，相当于一张卡就可以满足所有的辅导需求🔥
复活节美美做完作业回国玩啦～
#留学生[话题]# #英国[话题]# #英国留学生[话题]#  #伦敦[话题]# #万能班长留学辅导[话题]# #万能班长课时卡[话题]# #留学生日常[话题]# #万能班长适合哪类学生[话题]#",留学生|英国|英国留学生|伦敦|万能班长留学辅导|万能班长课时卡|留学生日常|万能班长适合哪类学生,https://www.xiaohongshu.com/explore/69c512df000000002102dee8?xsec_token=ABdInmiNOQOFdxP-g-d_xMWhyX6llF21NIwysv3S_RAFg=&xsec_source=pc_search,645,99,18,2026-03-26T11:10:44+00:00,2026-06-24T00:22:49.982553+00:00,留学辅导,data/raw/2026-06-24T00-04-57-259133-00-00/xhs/jsonl/search_contents_2026-06-24.jsonl
668274ac000000001f005e6f,66379aec000000000b031810,🇬🇧上这破大学，一天天essay都写不完,"真的是把我学吐了，好想哭啊！天天reading是re不完的📖，essay📝是写不完的
	
屁股后面是恨不得有3 4 5 6个due追着跑的，我为啥要学这个啊？😭
	
#留学[话题]# #留学生[话题]# #我的留学生活[话题]# #赶due[话题]# #赶due人日记[话题]# #英国留学生[话题]# #essay[话题]# #留子日常[话题]# #留子[话题]# #英国考试[话题]#",留学|留学生|我的留学生活|赶due|赶due人日记|英国留学生|essay|留子日常|留子|英国考试,https://www.xiaohongshu.com/explore/668274ac000000001f005e6f?xsec_token=ABoVMlL1Lee351OlwHAGDBnzxvCPdDHdi4C4-QgnmSFH8=&xsec_source=pc_search,458,142,74,2024-07-01T09:19:40+00:00,2026-06-24T00:22:49.982553+00:00,留学辅导,data/raw/2026-06-24T00-04-57-259133-00-00/xhs/jsonl/search_contents_2026-06-24.jsonl
6a310a92000000000803d112,5c0cb7120000000007036c84,🇦🇺毕业季学姐对于学术不端的建议,"最近写完了本科最后一篇essay 终于结束了我的本科
	
这三年真是没少写论文，我记得大一的时候chatgpt还没有推出，写论文完全自己上网查各种文献写的，但有些学术规则自己还是拿不准，比如论文不知道怎么搭结构，reference 格式总是被扣分，group assignment 遇到不靠谱队友，甚至有时候明明自己认真写了，却因为AI检测、学术诚信、挂科、延期、特殊情况等问题，被学校要求解释或申诉。那种收到学校邮件的一瞬间，真的会很慌。
	
我自己毕业之后再看这些经历，会觉得留学生最需要的其实不是“代替你完成什么”，而是有人能帮你把问题拆清楚：现在学校到底在质疑什么？我应该准备哪些材料？申诉信怎么写才有逻辑？论文问题到底是结构、论证还是引用出了问题？
	
最近了解到一个做留学申诉和学术辅导的机构，叫多博学DR.UNI 。他们主要做两块：一是留学申诉，比如挂科、学术不端、延期、撤课、在线考试、退学休学等；二是学术辅导，比如课程同步、考前突击和入学面试辅导。他们会根据学生情况匹配团队，做个性化处理，不是那种一上来就套模板的机构
	
我觉得这一点还挺重要的。因为留学生遇到的很多问题，其实都很细节：不同学校、不同专业、不同课程要求都不一样。尤其是申诉类问题，真的不能只靠网上搜模板硬改，逻辑、证据、时间线、学校政策都要对得上。
	
如果你现在正在海外读书，或者刚好遇到挂科、申诉、延期这些问题，我真的建议不要拖到最后一刻才处理。越早把情况说清楚，越早知道自己能不能申诉、怎么准备材料，心里也会稳很多。
	
留学不是每一步都能完美，但遇到问题的时候，至少不要一个人闷着硬扛。能找专业的人帮你理清思路，也是在保护自己的学业。
	
需要了解的话，可以去看看多博学DR.UNI，尤其是正在被课程、申诉问题困住的宝宝 可以先咨询一下，看看自己的情况有没有解决路径。
#多博学[话题]# #DRUNI[话题]# #澳洲留学[话题]# #澳洲留学生[话题]# #留学生申诉[话题]# #论文申诉[话题]# #学术辅导[话题]# #挂科申诉[话题]# #学术不端申诉[话题]# #墨尔本留学[话题]# #澳洲大学[话题]# #留学生活[话题]# #留学生毕业[话题]# #final出分[话题]# #留学避坑[话题]#",多博学|DRUNI|澳洲留学|澳洲留学生|留学生申诉|论文申诉|学术辅导|挂科申诉|学术不端申诉|墨尔本留学|澳洲大学|留学生活|留学生毕业|final出分|留学避坑,https://www.xiaohongshu.com/explore/6a310a92000000000803d112?xsec_token=ABh9xv6LyDYNjFpuFnFoow5_oWScC43kI4BnJKwSHwtZ4=&xsec_source=pc_search,416,38,4,2026-06-16T11:11:31+00:00,2026-06-24T00:22:49.982553+00:00,留学辅导,data/raw/2026-06-24T00-04-57-259133-00-00/xhs/jsonl/search_contents_2026-06-24.jsonl
65ad3b250000000011012409,64ea31850000000001007640,留学生课程1V1辅导🔥拒绝学业焦虑💪,"哪些学生适合留学生课业辅导？
💥刚出国的同学可能因语言差不适应全英授课，上课听不懂易分心，作业完成困难。
💥平时成绩一般且拖延严重的同学，作业常拖到考前才做，易导致成绩不理想甚至挂科。
💥学业表现好、想拔高 GPA 的同学，希望通过专业辅导强化训练追求更高成绩。
-
留学不易，没有哪位同学只是想混个文凭！父母砸了这么多钱，目的还不是想让自己的孩子们能够踏实学到真本事、拿下高分？只有这样，才能为未来的升学和就业打开更多大门！✨
-
🚸学业压力可以不用自己担，专业的课程辅导可以帮助到同学们！
.
我们可以为留学生提供的辅导类型❓
🔹预习辅导-提前适应上课内容，快人一步
🔹同步辅导-学校教学进度紧跟，全面掌握
🔹作业辅导-作业技巧教导解析，稳扎稳打
🔹考试辅导-总结题型分析规律，有效复习
🔹包课辅导-整学期规划的布局，全程跟进
-
我们的辅导范围有哪些❓
🔥学科包括金融类、经济类、商科类、计算机类、理科类、艺术类、法律类、财会类、工程类、人文社科类、医学...等学科，冷门专业都能为你匹配到专业导师进行辅导。
-
我们能辅导哪些地区的留学生❓
✈️英国、澳洲、美国、加拿大、新加坡、中国香港等英语系授课地区
-
我们的辅导优势是什么❓
🧑‍🎓QS前50海外硕博师资团队 ‍
💨具备5年以上教学经验
📕中英双语授课线上辅导，1V1定制化授课
⏰7*24小时全球无时差授课
📄签订正规辅导合同双保障
-
点击【立即咨询】为你详细介绍📝 规划课程方案，远离挂科！
该课程面向18岁及以上
﻿#留学生[话题]#﻿       ﻿#留学生辅导[话题]#﻿      ﻿#留学生课程辅导[话题]#﻿      ﻿#留学生课业辅导[话题]#﻿       ﻿#留学生作业辅导[话题]#﻿        ﻿#留学生商科辅导[话题]#﻿     ﻿#商科留学生[话题]#﻿     ﻿#留学生金融辅导[话题]#﻿     ﻿#留学生会计辅导[话题]#﻿     ﻿#留学生经济辅导[话题]#﻿﻿",留学生|留学生辅导|留学生课程辅导|留学生课业辅导|留学生作业辅导|留学生商科辅导|商科留学生|留学生金融辅导|留学生会计辅导|留学生经济辅导,https://www.xiaohongshu.com/explore/65ad3b250000000011012409?xsec_token=ABbyLVEzvvTAdybDSZz6OENVCPiSgayMUElOnwU6-Sq1c=&xsec_source=pc_search,146,64,32,2024-01-21T15:41:25+00:00,2026-06-24T00:22:49.982553+00:00,留学辅导,data/raw/2026-06-24T00-04-57-259133-00-00/xhs/jsonl/search_contents_2026-06-24.jsonl
65d2b702000000000b023bbd,6048cffa000000000101c5e7,UNSW JD 辅导,"新南JD Distinction毕业均分81
毕业前连续三学期当peer tutor
目前每周二三晚上带study hall
	
本来佛系随缘辅导[睡觉R]
有问的我都先推荐学校的免费学习资源[赞R]
估计因此动了某些辅导机构的蛋糕 用小号发xhs来黑我[捂脸R]
	
鉴于有人造谣说只会辅导英译汉[doge]
又不敢正面对线还禁止我发评论[笑哭R]
只好发成绩单打脸了[萌萌哒R]
	
还是那几句话：
先利用学校提供的免费帮助[害羞R]
辅导不能代替自己学习[吧唧R]
学习方法比知识点更重要[自拍R]
拒绝一切代写行为[生气R]",,https://www.xiaohongshu.com/explore/65d2b702000000000b023bbd?xsec_token=ABTq6OkjMFjdPMS8428ra77NMSkI77u1UH41xNO588xmo=&xsec_source=pc_search,116,78,43,2024-02-19T02:03:46+00:00,2026-06-24T00:22:49.982553+00:00,留学辅导,data/raw/2026-06-24T00-04-57-259133-00-00/xhs/jsonl/search_contents_2026-06-24.jsonl
68edd25c000000000303b22a,5b3a41536b58b7598a17a954,🇦🇺unsw期中还是花钱找了essay辅导,"大家总觉得我每天都在拍舞蹈、出门聚会、更新内容，其实我也一样要赶 due🥲最让我头疼的就是 essay，花了很多时间却总觉得重点抓不稳，逻辑也容易乱。
	
后来我开始约万能班长的老师辅导，联系我的老师也是在职tutor
	
先用帮我梳理思路和框架，把拿分关键点和常见坑都提前点出来。然后我自己去写，效率直接提高了很多，考前还有冲刺辅导，临时抱佛脚也不慌。
	
在辅导中，主要是不限课时，辅导到满意为止，essay在稳稳pass基础上还能有质的提升，让我上课特别安心。
然后我也很推荐给我辅导的Joanna老师，特别细心温柔，课下的疑问也回答很详细！
	
分析自己的情况可以先找@万能班长留学辅导，他们的顾问会先写好规划让你看合不合适
	
对我来说，这种“结果导向”的方式很适合：我不用把时间浪费在无效返工上，精力能留给舞蹈、朋友、还有生活里更有趣的事。
	
留学生活很忙，但方法对了，学习和生活都能保持在自己的节奏里～
	
📍Sydney｜咖啡馆日常
#留学日常[话题]# #essay[话题]# #万能班长留学辅导怎么样[话题]# #澳洲留学[话题]# #essay辅导[话题]# #留学生辅导[话题]#",留学日常|essay|万能班长留学辅导怎么样|澳洲留学|essay辅导|留学生辅导,https://www.xiaohongshu.com/explore/68edd25c000000000303b22a?xsec_token=ABxfdRvus7cqUUJ0RbUz_NyiyfZbZRHg-cJ8XT__H4tWA=&xsec_source=pc_search,117,11,7,2025-10-14T04:37:18+00:00,2026-06-24T00:22:49.982553+00:00,留学辅导|essay辅导,data/raw/2026-06-24T00-04-57-259133-00-00/xhs/jsonl/search_contents_2026-06-24.jsonl
6a1669a3000000003701e944,5e4791990000000001007442,剑桥工程offer holder接辅导🙋🏻‍♀️,"最近考完alevel啦！想来接接辅导🙌🏻
我的申请结果是英国加香港7申7中 （剑桥 ic ucl kcl Bristol 港大 港科大）
有90多小时的线上线下教学经验，教过雅思听说读写，教过alevel和esat，一直在学校当peer tutor，上过课的都说好👍
具体欢迎私信我哦！
	
#alevel[话题]# #alevel数学[话题]# #alevel辅导[话题]# #alevel物理[话题]# #esat[话题]# #scie[话题]# #剑桥面试[话题]#",alevel|alevel数学|alevel辅导|alevel物理|esat|scie|剑桥面试,https://www.xiaohongshu.com/explore/6a1669a3000000003701e944?xsec_token=ABoTY3__W9g-OQa7eRBXd0HFUXXIYP8qA56Ehmaa3W0Lc=&xsec_source=pc_search,114,30,25,2026-05-27T03:48:51+00:00,2026-06-24T00:22:49.982553+00:00,留学辅导,data/raw/2026-06-24T00-04-57-259133-00-00/xhs/jsonl/search_contents_2026-06-24.jsonl
6849424d000000002100b202,5ffa8a1e0000000001009e25,YYDS❗️❗️我的宝藏加拿大留学中介❗,"#记录吧就现在[话题]#  推荐一下发现的宝藏加拿大中介❗当时也是加了好多中介对比出来才选的他，线下线上的都看了，有的中介要我2W3还有的说保录取，后面发现中介费超过1W都是贵的，保录取都是骗人的，基本上中介是不包第三方费用的(三证翻译➕公证➕成绩认证➕学校报名费➕签证费，第三方费用加起来也是几千了)，然后当时也很怕我交了钱然后中介就不理了，所以选择他的还有另外个原因是先付一半定金，然后拿到offer后再付另外一半，而且是承诺半个小时之内肯定回信息，至少不会出现找不到人的事情，后面也证实了这一点基本上回复的都很快，交流很顺畅👍并且不会pua学生，会把学生的申请当自己的事，麦吉尔的offer等了一个半月才拿到，但是中间他自己主动发了邮件问学校，我都还没有催他，他就自己先发了，就感觉很省心😎(因为账号密码给我了,我是可以看到邮件的) · 对了❗基本上每个月都会来问我语言考了没😂对本拖延症患者很友好，就不会说拿到offer就不管你了，到哪一步都会记着，很负责🥳租房办银行卡啥事都可以问他，而且落地后也会管你体检换签证啥的，会一直管你到开学(开学后有啥问题也可以问他哈哈哈)👍 · #硕士留学[话题]#  #留学中介[话题]# #留学机构[话题]# #留学申请指南[话题]# #留学[话题]#  #留学加拿大[话题]#  #加拿大留学申请[话题]# #麦吉尔大学[话题]#  #留学申请季[话题]#  #北美留学[话题]# #26fall[话题]# #25fall[话题]#",记录吧就现在|硕士留学|留学中介|留学机构|留学申请指南|留学|留学加拿大|加拿大留学申请|麦吉尔大学|留学申请季|北美留学|26fall|25fall,https://www.xiaohongshu.com/explore/6849424d000000002100b202?xsec_token=ABQfrW6nBuZ1OyHsMqstuoXOFTkH-IGUiUG18DqgMCHsY=&xsec_source=pc_search,107,127,145,2025-06-11T08:46:05+00:00,2026-06-24T00:22:49.982553+00:00,留学辅导,data/raw/2026-06-24T00-04-57-259133-00-00/xhs/jsonl/search_contents_2026-06-24.jsonl
68f205ca000000000301e620,5de0a77f0000000001002494,澳洲留子final考试辅导选哪家比较好？,"谁懂，喜欢的图书馆再也订不到自习室、咖啡续杯、assignment一个接一个。
每个留学生都在努力的活着..
国庆看着朋友圈别人旅游，自己只能一边背着Econ公式，一边焦虑reflection的进度。有时真的不是不想学，而是！脑子满了、时间不够、效率掉线。
	
对博主而言澳洲的Final季，不只是考试季，更像一场体力与心态的拉锯战，事情总比预想得多
但好在我找到了专门针对留学生的一对一补习！
经过一番试听，万能班长给我安排的讲师更懂我现在的压力，懂那种“想好好学，却总卡在重点”的崩溃。past paper准备得很充分，很快就能get重点
留学生重修成本太高了，还是找个正规签署合同，售后有保障的机构比较放心
	
我选了他们的考前7小时突击套餐、套餐还包含定制复习资料，课下也会给我做复习安排，这样有条不紊的感觉真的很nice，最后两三个小时做重点精讲与Past Paper演练——帮我理清思路、稳住节奏、提升正确率，让努力不再白费！大一新生也能轻松查漏补缺找到自己的学习节奏～
	
最重要的是！有人陪着复盘、有计划地冲刺，Final季也能更轻松一点。
这次，不是要“撑过去”，而是要“学明白”🥹
#万能班长考试辅导[话题]# #万能班长[话题]##澳洲留学[话题]# #悉尼留学[话题]# #留学生[话题]# #留学辅导[话题]# #悉尼[话题]# #悉尼日常[话题]#",万能班长考试辅导|万能班长|澳洲留学|悉尼留学|留学生|留学辅导|悉尼|悉尼日常,https://www.xiaohongshu.com/explore/68f205ca000000000301e620?xsec_token=ABuQAhE5x00Ci-ikw5zG3Uva1VLyuNPE8GNs9lem7paRQ=&xsec_source=pc_search,75,6,28,2025-10-17T09:14:16+00:00,2026-06-24T00:22:49.982553+00:00,留学辅导,data/raw/2026-06-24T00-04-57-259133-00-00/xhs/jsonl/search_contents_2026-06-24.jsonl
696e7ecc000000000a029a6b,66bf379a000000001d0331c6,RI'25毕业生接补习😋,"Hiii👋🏻我于2025届刚刚从RI毕业👨‍🎓，现在Gap year有很充足的时间做补习，希望能用自己摸爬滚打两年的经验和知识储备来帮助到学弟学妹们[赞R]
	
我的combi是4H2 (Math, Further Math, Econs, Physics) + H3 Math，Olevel拿了Amath, Double Pure Science (Chemistry + Physics)
	
我主要补
Alevel (H2 Math, FM, Physics)
Olevel (EMath AMath, Physics)
	
我在2021年通过AEIS考试考进政府中学的Sec 2，Olevel L1R5 3分(7-4)考入RI，目前26 UCAS申请季(Cam IC LSE Warw) 已收到剑桥面邀和Warwick华威的con offer[吧唧R]剑桥decision还有一周[汗颜R]
	
筑波不是赋能哥所以没有乱杀的竞赛经历也不太能新知识一看就会[哭惹R]但笨笨的学完了这些群魔乱舞的FM章节 在真正的理解并在考试中能运用自如之后意识到 其实这些知识和考试题型还是很systematic的[扶额R]除了教课也希望我的经验能给FM新人指引 少淋一些我曾经懵懂无知时淋过的雨[赞R]
	
最后一张是我家的狗 他不接补习 单纯觉得他可爱 所以现在你知道我家有一只可爱但不接补习的狗[哇R]
	
#新加坡高中[话题]# #新加坡补习[话题]# #新加坡alevel[话题]# #新加坡alevel[话题]# #RI[话题]# #RJC[话题]# #莱佛士书院[话题]# #补习[话题]# #新加坡jc[话题]# #jc[话题]#",新加坡高中|新加坡补习|新加坡alevel|RI|RJC|莱佛士书院|补习|新加坡jc|jc,https://www.xiaohongshu.com/explore/696e7ecc000000000a029a6b?xsec_token=ABC60VzWP27K7yh1_zG0-u91a91lfzYAZ1gxf7LPjaw7I=&xsec_source=pc_search,74,29,32,2026-01-19T18:58:20+00:00,2026-06-24T00:22:49.982553+00:00,留学辅导,data/raw/2026-06-24T00-04-57-259133-00-00/xhs/jsonl/search_contents_2026-06-24.jsonl
69b3ef38000000002301d9b0,5dfd6614000000000100ad3e,一年花二十万补课的富少是真的存在的,"有个富少留子找我补课，一上来就看到剩余课时200，要知道机构收学生可是1000元以上一个小时，相当于富少一年至少花二十万在补课上面
	
而且一整年所有课都找了对应的老师全程补课，而且是最高档的那种包过类型，考不过扣我们老师钱，考过了我们老师有奖金。所以本牛马每天都操碎了心当学习保姆生怕他不过。
	
然而崩溃时刻也非常多，富少不咋关注自己的assessment，经常quiz due了都不知道。现在我每天比他还急，真的恨不得直接飞过去帮他把学上了[捂脸R][捂脸R][捂脸R]
	
富少其实可以给我八十万，本牛马可以直接飞过去帮他把学上了，包毕业的[合十R][合十R][合十R]
	
#贫富差距巨大[话题]# #穷人的孩子[话题]# #有钱人生活[话题]# #留学生[话题]# #留学生辅导[话题]# #留学生日常[话题]# #留子[话题]# #教培人[话题]# #教培[话题]# #留学[话题]#",贫富差距巨大|穷人的孩子|有钱人生活|留学生|留学生辅导|留学生日常|留子|教培人|教培|留学,https://www.xiaohongshu.com/explore/69b3ef38000000002301d9b0?xsec_token=ABFhoK1e4_sAeC6nP2XlPBcoVGyBYwQLwWXv_EbZG3L58=&xsec_source=pc_search,69,10,9,2026-03-13T11:04:24+00:00,2026-06-24T00:22:49.982553+00:00,留学辅导,data/raw/2026-06-24T00-04-57-259133-00-00/xhs/jsonl/search_contents_2026-06-24.jsonl
69b8efda00000000230177c1,69aa73000000000032024d30,被某个alevel辅导机构的无赖嘴脸气笑,"真的大无语，从来没有见过能这么狡辩的！[失望R][失望R]
	
最初去试听的时候挺满意的，我这种数学底子一般的，听着都轻松。而且他们给我制定的A-Level课程看着也挺合理，说好了全程都是这个老师带我，还跟我说现在有优惠，一个套餐能省不少钱，还承诺我，后面上课要是觉得节奏不对、老师不合适，他们都能帮我调整、解决，我就直接报了名、缴了费用，满心期待上课……
结果上课的时候给我换了个陌生的老师，我当时就懵了，立马去找他们反映，我说我就是冲着之前那个老师来的，能不能把他调回来。结果那边支支吾吾，说那个老师安排不过来了，还一个劲安抚我，说这个新老师也很有经验，让我试着适应一下，还说这个老师带过很多学生。我想着既然报了名，也不想太麻烦，就试着跟着这个新老师上了一周课，结果真的快被逼疯了，实在是受够了！
	
这个新老师上课，完全就是照着A-Level的课程大纲念，只顾着推进自己的进度，不管你有没有听懂。我本来就薄弱，他讲得飞快，一道题刚讲完步骤，就立马跳下一道，我连反应的时间都没有。有时候课后找他问，他要么说自己忙，要么就拖到第二天、第三天再给我讲，越学越没信心，我实在忍不了，强烈要求换老师，表面上答应得好好的，说会尽快给我安排合适的老师，结果过了好几天，一点动静都没有😃😃 我去问了好几次，他们才磨磨蹭蹭地说，其他老师的A-Level课程都排满了，不管是数学、物理还是经济，每个老师都有固定的学生，还让我先继续跟着这个新老师上课，等有老师有空了再换
	
这我肯定不答应啊，他们居然说也没有别的办法，让我自己看着办。我冷静了几天，觉得跟他们耗下去也没意义，就提出了退课，结果那边直接说，要扣违约金，还有我这一周的A-Level课时费、发给我的真题资料费、讲义费，乱七八糟加起来根本就退不了什么！
	
我当场就炸了，我就上了一周课，而且还是他们违约换老师、不解决问题，凭什么扣我这么多钱？我肯定不同意，他们直接开始冷处理，发消息不回，完全不管我了，我现在已经向相关部门投诉了，也把我的经历发出来，希望不要再有人上当了！！！#alevel辅导[话题]# #国际课程辅导[话题]# #国际高中[话题]# #alevel辅导机构[话题]# #alevel[话题]#",alevel辅导|国际课程辅导|国际高中|alevel辅导机构|alevel,https://www.xiaohongshu.com/explore/69b8efda00000000230177c1?xsec_token=ABJiwzgiv_YVeEMlq4SCqkP3ufELoAenKv8aq6bkH3KGU=&xsec_source=pc_search,63,24,65,2026-03-17T06:08:27+00:00,2026-06-24T00:22:49.982553+00:00,留学辅导,data/raw/2026-06-24T00-04-57-259133-00-00/xhs/jsonl/search_contents_2026-06-24.jsonl
694376dd000000001e0033ac,667f9c710000000007007263,指南者留学有用过的吗？到底怎么样？身边有学姐推荐说挺好，也有说不行的……还有老牌的XDF XHD XT QD，一看很多差评，又说是同行网上互相黑[汗颜R]。       PS：求真实评价，怎么瞬间无数个留学中介私信我，搞蒙了都。,指南者留学有用过的吗？到底怎么样？身边有学姐推荐说挺好，也有说不行的……还有老牌的XDF XHD XT QD，一看很多差评，又说是同行网上互相黑[汗颜R]。       PS：求真实评价，怎么瞬间无数个留学中介私信我，搞蒙了都。,,https://www.xiaohongshu.com/explore/694376dd000000001e0033ac?xsec_token=ABBcoJ02K8zXR53jXOyc9Butje0sTJrz-cZQcJluDnU5I=&xsec_source=pc_search,65,39,59,2025-12-18T03:37:01+00:00,2026-06-24T00:22:49.982553+00:00,留学辅导,data/raw/2026-06-24T00-04-57-259133-00-00/xhs/jsonl/search_contents_2026-06-24.jsonl
69a2c8b2000000001a01c8b2,63f2e0c0000000001001ed9b,🇦🇺UNSWer❗你真的要学会拿HD拿高分,"因为真的很爽！
整门课的课件➕作业➕考试，都会规划辅导方案，1v1辅导跟进~
	
这个unsw包课辅导，你真的可以try一下！
↓↓↓
	
✊匹配同专业老师带你！从开学前的选课，预习，到正式上课后的全学期跟课辅导❗
_
	
🔵哪门课需要，就辅导哪门
▶︎比如你学FINS5513这门课有难度，那就辅导这门课，其中的课程知识点讲解、作业、期中、期末考核都会同步辅导！all in！✅✅✅
	
▶︎【课程同步】：原版课件教学，中英双语，进度直接走在学习前面！
▶︎【作业同步】：所有考核覆盖，提前带你赶due，边讲边写，学会为止！
▶︎【考试冲刺】：定制考试复习资料，带着刷习题真题，考前深度复习，预测考点！
	
🔵🔵给到的保障：
✅熟悉新南威尔士大学，很多硕博毕业老师
✅签合同
✅课后答疑不限时间和次数
✅课前会有细致的沟通和备课，不会让你浪费时间，来了就得有收获！
✅可以先试听，感受师资和服务，满意后再决定后续的跟课
✅可以看老师背景和过往辅导案例，毕竟什么都比不上有好老师和真实case，让人安心~💕
_
	
🔵🔵🔵
除了同步跟课，还可以按课时来选择
	
大家可以根据自己的情况来按需选择，我们也会先帮大家规划~
	
💌有疑问，有需要的同学
可以来找我先多了解看看喔！
	
#澳洲留学生[话题]# #新南威尔士大学[话题]# #unsw[话题]# #unsw新生[话题]# #unsw辅导[话题]# #unsw辅导[话题]# #新南威尔士大学辅导[话题]# #万能班长[话题]# #unswer[话题]# #万能班长留学辅导[话题]#",澳洲留学生|新南威尔士大学|unsw|unsw新生|unsw辅导|新南威尔士大学辅导|万能班长|unswer|万能班长留学辅导,https://www.xiaohongshu.com/explore/69a2c8b2000000001a01c8b2?xsec_token=ABjD0Jh3S-2y3JPoAE3E3A-JjeoxOg6JDvxGbVOfiUjMo=&xsec_source=pc_search,59,17,3,2026-02-28T10:51:30+00:00,2026-06-24T00:22:49.982553+00:00,留学辅导,data/raw/2026-06-24T00-04-57-259133-00-00/xhs/jsonl/search_contents_2026-06-24.jsonl
66460c34000000001e02de8c,5c0155b16b58b752fb836798,🇬🇧5小时写的3000字essay拿了88分,"快来接！吃nest的时候收到了本科essay最高分哈哈哈，估计也是专业最高分。本p人做事永远last minute，不代表做不好。g5学philosophy和history的，基本三年essay全都last minute写的，在一等和高分率超低的专业拿了很多高分，稳坐前二，但也有滑铁卢哈哈哈哈，下期出经验（又出分了一篇85！经验已出！被限流了[生气R]）
#今日上课有感[话题]# #lse[话题]# #ucl[话题]# #essay[话题]# #essay辅导[话题]# #英国[话题]# #dissertation[话题]# #高分[话题]# #小红书成长笔记[话题]# @薯队长 @校园薯",今日上课有感|lse|ucl|essay|essay辅导|英国|dissertation|高分|小红书成长笔记,https://www.xiaohongshu.com/explore/66460c34000000001e02de8c?xsec_token=ABOr7_uzFHuhU-iXI_rQVhahMAjC4AcIY32ds23tJEek0=&xsec_source=pc_search,521,80,173,2024-05-16T13:37:56+00:00,2026-06-24T00:22:49.982553+00:00,essay辅导,data/raw/2026-06-24T00-04-57-259133-00-00/xhs/jsonl/search_contents_2026-06-24.jsonl
6617e083000000001a00cd6d,58763af27fc5b80ce60b85d1,❗️essay的evaluation怎么写能拿满分❓,"[暗中观察R]前面几期我陆陆续续分享了一些essay的高分技巧，应大家要求，今天来讲讲essay中占比很大的evaluation怎么写？有没有什么万能套路？
#alevel经济[话题]#  #alevel经济辅导[话题]#  #alevel经济满分essay[话题]#  #alevel经济考试[话题]#  #alevel[话题]#  #alevel辅导[话题]#  #ib[话题]#  #ib辅导[话题]#  #ib经济[话题]#  #ib经济辅导[话题]#",alevel经济|alevel经济辅导|alevel经济满分essay|alevel经济考试|alevel|alevel辅导|ib|ib辅导|ib经济|ib经济辅导,https://www.xiaohongshu.com/explore/6617e083000000001a00cd6d?xsec_token=ABNYRbsLzxgeawqLSGwrorrYeYsdEc-_6zpw-uexBcsJo=&xsec_source=pc_search,269,199,6,2024-04-11T13:07:15+00:00,2026-06-24T00:22:49.982553+00:00,essay辅导,data/raw/2026-06-24T00-04-57-259133-00-00/xhs/jsonl/search_contents_2026-06-24.jsonl
645601f50000000013034d7d,638ea9d7000000001f01d7f7,留学生你的Essay有着落了❗试试1v1论文辅导,"😵你以为的留学生论文：
文献通宵都读不完；产出艰难，字数东拼西凑...
-
😇来路觅留学生论文辅导发现：
流程清晰；理解轻松；写作高效！
-
被你发现了essay写作的辅导神器~路觅留学生论文辅导
🚩1v1辅导范畴：
🔸预科、本科、硕士...
🔸Report、Essay、Dissertation……
🔸文社科Essay、商科case study、理工科数据报告……
-
📕选择我们，可以收获全流程的论文辅导
🔍选题BS：根据syllabus要求和研究方向，评估选题
🔍文献精读：参考文献带读，优质reference拆解
🔍结构梳理：全文结构梳理，明确写作目的和引用规范
🔍数据分析：数据处理工具学习，methodology导学
🔍查重润色：全文免费查重，点对点细致润色
-
📕我们的辅导实力：
🔸极速匹配同专业硕博导师，根据学习进度1v1定制essay赶due计划
🔸学会学术写作思路和逻辑分析，一次论文辅导受益整个留学生涯
🔸正规合同保障，论文稳pass结果导向，未达协议目标承诺refund！
-
PS：路觅全球导师库5000+，覆盖全专业！小众专业课程也支持论文辅导哦！
✅不要小看路觅辅导的海量教学资源储备~
🔎点击【立即咨询】更多论文辅导在线解答~
————————————————
官方教研组：@路觅留学辅导教研组
更多辅导案例：@路觅留学辅导Lumist
美国留学辅导：@路觅美国留学课程辅导
路觅公开课程：@路觅留学公开课
·
☑点下「关注」需时备用
#留学生辅导[话题]# #留学论文辅导[话题]# #留学课程辅导[话题]# #路觅教育[话题]# #留学辅导我选路觅[话题]# #路觅教育推荐[话题]#  #路觅[话题]# #留学essay[话题]# #essay不会写[话题]#",留学生辅导|留学论文辅导|留学课程辅导|路觅教育|留学辅导我选路觅|路觅教育推荐|路觅|留学essay|essay不会写,https://www.xiaohongshu.com/explore/645601f50000000013034d7d?xsec_token=ABwVUBR5QdmBSf5gkO2PT5lAPhLNVOYE_YtteispGKP6I=&xsec_source=pc_search,171,82,42,2023-05-06T07:29:57+00:00,2026-06-24T00:22:49.982553+00:00,essay辅导,data/raw/2026-06-24T00-04-57-259133-00-00/xhs/jsonl/search_contents_2026-06-24.jsonl
67a378aa000000001800a385,659f4baf000000002200355a,🇬🇧6.5小时写完3000字essay（出分75-85）,"对于学术写作而言，三天以上的反复打磨固然理想，但当DDL迫在眉睫时，掌握高效写作策略尤为重要。本文将为时间紧缺的宝宝们提炼一套经过验证的6.5小时速成方案（5000字论文可等比延长），通过科学拆解写作流程，助您在紧迫时限内产出优质内容。
▍主体架构构建（4小时） 摒弃传统线性写作模式，采用""核心优先""策略。如同建筑主体框架决定整体稳定性，论文的Main Body应率先完成。建议将3000字主体分解为3-4个论证单元，每个单元遵循黄金结构：
论点陈述（Topic Sentence）：明确本段核心主张
论据支撑（Evidence）：引用2-3个权威学术来源
逻辑推演（Analysis）：阐释论据与论点的关联性
过渡衔接（Linking Sentence）：承上启下保持行文流畅
▍结论模块锻造（1小时） 在主体完成后立即进行结论写作可确保逻辑连贯性。优质结论应呈现： • 研究命题重述（Paraphrased Thesis） • 核心发现摘要（Synthesized Findings） • 学术价值阐述（Academic Contribution） • 研究局限说明（Limitations） 注意避免直接复制主体语句，需通过学术转述实现信息重构。推荐采用""漏斗式""收尾：从具体发现逐步过渡到宏观启示。
▍引言精雕细琢（1小时） 当全文主体脉络清晰后，引言写作将事半功倍。建议采用DREEM模型：
领域定位（Domain）：划定研究领域边界
研究缺口（Research Gap）：指出现有学术空白
实验设计（Experiment）：简述方法论框架
预期贡献（Expected Contribution）：阐明学术价值
方法论概述（Methodology）：说明研究路径
▍学术润色升级（0.5小时） 最终质检阶段需关注：
文献溯源：确保每个论点至少有1个权威引用（优先近五年文献）
格式规范：严格遵循学科引用格式（APA/Harvard/MLA）
#赶due急救指南[话题]# #essay[话题]#   #留学essay[话题]#   #essay辅导[话题]#   #essay润色[话题]#   #essay修改[话题]#   #英文论文润色修改[话题]#   #留学生论文[话题]#   #留学生作业[话题]#   #essay赶due[话题]#",赶due急救指南|essay|留学essay|essay辅导|essay润色|essay修改|英文论文润色修改|留学生论文|留学生作业|essay赶due,https://www.xiaohongshu.com/explore/67a378aa000000001800a385?xsec_token=ABUdZ6lkAD9r0jnyyWwT_2huZGNvOuBDW8pf7Z5MS3d1M=&xsec_source=pc_search,149,105,3,2025-02-05T14:41:46+00:00,2026-06-24T00:22:49.982553+00:00,essay辅导,data/raw/2026-06-24T00-04-57-259133-00-00/xhs/jsonl/search_contents_2026-06-24.jsonl
67792217000000001300b469,6766c6ab0000000014033bb0,📝留学生用GPT写3000字essay保姆级教程,"很多同学写essay会借助GPT帮忙，但常因使用不当导致事倍功半。以下是教程：😃
1. 借助Chat构建论文大纲
- 切不可直接运用Chat生成的整篇论文，其中存在诸多漏洞。然而，利用它来打造简单的论文选题或者大纲思路却极为有效。
- 确定选题的指令：我所学专业为XX，研究方向是XX。你充当我的导师，我正在撰写一篇学术论文，此刻需要你的引领。我对XX怀有兴趣，只是尚未形成确切明晰的研究问题。有相关研究学者会对XX展开深入剖析，我期望从这类XX切入探寻研究问题，请为我推荐10个可供参考的选题。
- 知识技巧：明确自身专业和研究方向，精准向Chat寻求大纲思路。🧐
- 生成大纲的指令：我计划撰写一篇有关（主题）的论文，选题方向是XXX。你能否帮我拟定一份论文大纲？其需涵盖标题、摘要、引言、方法、实验、结果、讨论、结论以及参考文献这些板块。
- 建议：根据研究主题合理要求Chat生成大纲。💡
	
2. 主题句创作
- 倘若撰写了较长段落但主旨不够鲜明，不妨尝试让Chat来生成！
- 指令：Please write a topic sentence for this paragraph.（能够要求GPT多给出几种方案以供挑选）
- 技巧：灵活运用指令让Chat提供多样化选择。👍
- 在初稿完成之后，处于润色修改阶段时，需留意Chat写作时常出现的若干问题：
- 逻辑欠缺严谨性
- 逐段加以审视并完善逻辑推理。
- 指令：“请对以下文本实施精细的段落逻辑核查，保障每一段落的论点、论据与结论之间逻辑紧密、层次分明。若存在逻辑脱节或不够连贯之处，请清晰指明并给出改进的提议”。
- 小技巧：仔细检查逻辑关系，让Chat辅助优化。✍️
- 论据、深度有所欠缺
- 提供文献引用，增添论据支撑。
- 指令：“为强化论文文中【具体学术观点】的学术依据，请精准检索并罗列出与该观点关联最为紧密、引用次数位居前五的学术文献。这应涵盖文献的标题、作者、发表年份以及引用次数，以此确保论文的论据具备高度的学术权威性与实证根基”。
- 知识技巧：合理要求Chat提供文献依据，增强论文深度。🧐
⚠️最终完成论文时，务必进行检查，先予以润色而后再进行降重操作哦~
#留学[话题]##留学生[话题]##留学论文辅导[话题]##英文论文修改润色[话题]# #essay辅导[话题]# #essay[话题]##essay润色[话题]##留学生论文[话题]##留学英国[话题]##assignment[话题]#",留学|留学生|留学论文辅导|英文论文修改润色|essay辅导|essay|essay润色|留学生论文|留学英国|assignment,https://www.xiaohongshu.com/explore/67792217000000001300b469?xsec_token=ABluZ-P_M3_pYskcLTo8kPH2PmrrBMIE6htdtYDWnmzlY=&xsec_source=pc_search,137,148,0,2025-01-04T11:57:11+00:00,2026-06-24T00:22:49.982553+00:00,essay辅导,data/raw/2026-06-24T00-04-57-259133-00-00/xhs/jsonl/search_contents_2026-06-24.jsonl
67344c5a000000003c01c3ad,66961a41000000000f035788,写essay找了个辅导老师，发现真的不难……,"先声明：这篇笔记是本人亲身经历并且有感而发！我要让全世界知道我的宝藏essay辅导老师！对于我这个阅遍留学辅导的补习大户来说，找什么样的老师我真的太有发言权了！[赞R]
	
刚开始我也是在网上搜集各种essay写作攻略，但是后来发现不行，信息太零散了，自己越写不下去就越不想写，想找一个能带着我一点一点写的辅导老师！
	
其实我成绩不属于差的，自己熬夜写的拿60也没什么问题！[捂脸R]主要是想均分好点申请phd！我是希望老师能帮我梳理思维逻辑搭建的过程，学到思路和结构还有逻辑之后就会很轻松。
	
虽然老师都是正常上课讲解essay写作方法什么的，但是大部分私下找老师基本不回啊，回也是过了好久之后敷衍敷衍...[生气R]有时候突然有个小想法想找老师探讨，老师一般都会说“这问题下节课我正要讲，课上详细再说吧”曾经因为问一个老师文献整理方法扯皮了好久，他说他以为我弄完了，还说你想知道我可以告诉你，但这不是我教学的范围，我？？？[黑薯问号R]因为这个事我跟他们老师吵起来了，最后还是得自己想办法…
	
重点来了！[哇R]这把找的这个考而思essay老师我爱了，我有疑问老师随时答疑，而且几乎是秒回，给我一种生怕你自己憋着不问的感觉hhh，太喜欢和老师探讨了！哪怕是找文献的时候看到了一个思路想跟老师分享，老师都会特别认真的回复！[皱眉R]
	
老师会帮我一起进行定题，帮助我明确research方向和研究意义，从题目的方向以及研究意义方面和我讨论，在完成proposal后，她也会为我提供具体的修改建议。
	
在literature review阶段，老师会带领我高效地进行文献搜索和筛选，确保选取到最相关的sources。特别是在正式写作之前，我们会安排meeting，深入探讨每一部分的内容框架和如何增强critical thinking。essay写完后，老师还会帮我进一步调整和润色。
	
再说一遍，essay想拿高分一定要找专业且负责任的老师！听劝的宝宝等你们拿了高分再来谢我！[吧唧R]要是不在乎分数就想套套模板的话，资料范文随便搜搜就有了，反正就那些东西，大差不差！
	
#essay[话题]# #留学生[话题]# #essay辅导[话题]# #小不列颠日记[话题]#",essay|留学生|essay辅导|小不列颠日记,https://www.xiaohongshu.com/explore/67344c5a000000003c01c3ad?xsec_token=ABhpXa02OOuCKTe-04N6Cu0bGYmrq389semjkRFLQ_gHc=&xsec_source=pc_search,103,35,3,2024-11-13T09:00:28+00:00,2026-06-24T00:22:49.982553+00:00,essay辅导,data/raw/2026-06-24T00-04-57-259133-00-00/xhs/jsonl/search_contents_2026-06-24.jsonl
67b37051000000001701db80,675908cb000000001d02c1ed,英硕80分marketing专业essay全文分析,"我花了四个小时，仔细分析了自己之前一篇市场营销专业的高分 report，这篇 report 得了 80 分。
	
挑选高分 essay 时，我考虑了很久，最终选择分析这篇 report，主要有两个原因。一方面，它侧重于计划和分析，涵盖的知识和写作逻辑十分丰富。另一方面，它的每一部分都能单独写成一篇 essay，分析这一个 report，就能让大家了解多种类型 essay 的写作逻辑。
	
这篇分享是我精心准备的纯干货，内容很多，希望大家耐心阅读。相信它一定能帮你提升写作能力。
	
另外，我目前正在挑选合适的素材，后续会更新教育学和国际关系专业的高分 essay 讲解。要是大家有其他想看的内容，欢迎在评论区告诉我。
#essay[话题]# #留学生辅导[话题]# #essay辅导[话题]# #essay润色[话题]# #essay论文[话题]# #留学英国[话题]# #report[话题]# #marketing[话题]# #留学澳洲[话题]# #essay干货[话题]#",essay|留学生辅导|essay辅导|essay润色|essay论文|留学英国|report|marketing|留学澳洲|essay干货,https://www.xiaohongshu.com/explore/67b37051000000001701db80?xsec_token=ABhuSDhnfErbaat49wIaLhubutw1BxL6yxD1CP0JtfaZs=&xsec_source=pc_search,93,90,0,2025-02-17T17:22:25+00:00,2026-06-24T00:22:49.982553+00:00,essay辅导,data/raw/2026-06-24T00-04-57-259133-00-00/xhs/jsonl/search_contents_2026-06-24.jsonl
66ab80fc00000000050208e5,5b8bb00d9d3e8500011e8465,留学生的钱还是太好骗了！,"本人英国留子，我之前在一篇论文辅导的笔记底下评论了，我在评论里选了一个自称kcl本硕曼大博的老师，他给我发了一些给别人辅导的截图，看起来还比较靠谱，我说可以后他就催我付💰，
but当时已经凌晨四点了，我就说明天白天可以不？他叫我别鸽，我看他主页好像被学生骗过，就答应了，第二天走某鱼付了2k（当时我就是需要找人修改全文 outline 和辅助 referencelist而已）
然后，感觉他也不是很积极，期间一直断断续续回，也不跟我主动说时间什么时候聊，突然有一天就到现在都没回了，pyq 也是对我不开放的，因为他自称在某机构上课不能私下接单暴露信息，所以其他的信息我什么都不知道，我当时直接报j了，但是我论文还没完成，我真的慌了，我同学就跟我说让我找个机构，他帮我问了他老乡，找到多学米的老师了，该说不说，知道他们有线下实体店的时候我放心多了，而且老师特别专业！修改的特别快，我稳稳卡住ddl！
留学生论文辅导水太深了，大家千万不要再找什么信息都没有上来直接让交钱的了！太坑了！#论文指导[话题]##论文修改[话题]##英国留学[话题]##essay辅导[话题]# #dissertation辅导[话题]# #英国[话题]##论文辅导避雷[话题]#",论文指导|论文修改|英国留学|essay辅导|dissertation辅导|英国|论文辅导避雷,https://www.xiaohongshu.com/explore/66ab80fc00000000050208e5?xsec_token=AB4661f7t0DIYLrPTaxI26Hl39-4K7H2Lp4ydpNPiwOzE=&xsec_source=pc_search,93,43,31,2024-08-01T12:35:08+00:00,2026-06-24T00:22:49.982553+00:00,essay辅导,data/raw/2026-06-24T00-04-57-259133-00-00/xhs/jsonl/search_contents_2026-06-24.jsonl
6993e92e0000000028021ce5,67565972000000001c019ca9,数学这块比较薄弱，想问哪里有留学生辅导的？求推荐[叹气R]#课程辅导[话题]# #留学课程[话题]# #留学essay[话题]# #辅导[话题]# #留学生那些事[话题]#,数学这块比较薄弱，想问哪里有留学生辅导的？求推荐[叹气R]#课程辅导[话题]# #留学课程[话题]# #留学essay[话题]# #辅导[话题]# #留学生那些事[话题]#,课程辅导|留学课程|留学essay|辅导|留学生那些事,https://www.xiaohongshu.com/explore/6993e92e0000000028021ce5?xsec_token=ABtkXJxODmZyBlwf_Paae_lARUV1VxmsPHBKVJaPnV6Fo=&xsec_source=pc_search,58,14,67,2026-02-17T04:06:06+00:00,2026-06-24T00:22:49.982553+00:00,essay辅导,data/raw/2026-06-24T00-04-57-259133-00-00/xhs/jsonl/search_contents_2026-06-24.jsonl
694e77bf000000001e006089,69154057000000003702f5e6,有没有靠谱一点的essay辅导啊？！,"假期还没过完，due就贴上来了…真的熬不住了啊啊啊啊[哭惹R][哭惹R]
#essay辅导[话题]# #essay[话题]# #dissertation[话题]# #英国留学生[话题]# #留子生活[话题]# #essay[话题]#",essay辅导|essay|dissertation|英国留学生|留子生活,https://www.xiaohongshu.com/explore/694e77bf000000001e006089?xsec_token=ABxy2_S2aUWNNb2IrXxCT56WMToMOF_v5HFzO1wdlPZEs=&xsec_source=pc_search,55,26,78,2025-12-26T11:55:43+00:00,2026-06-24T00:22:49.982553+00:00,essay辅导,data/raw/2026-06-24T00-04-57-259133-00-00/xhs/jsonl/search_contents_2026-06-24.jsonl
67569ddc000000000402b409,67421e01000000001c01a2cb,Help！到底是谁找到了靠谱的留学辅导,"我也没想到老师上课语速会这么快啊
根本跟不上
留学体验感0
窝补药挂科啊啊啊啊啊啊啊
真心求靠谱的留学辅导
#留学[话题]# #留学辅导[话题]# #美区留子[话题]# #留学生辅导[话题]# #essay[话题]# #essay辅导[话题]#",留学|留学辅导|美区留子|留学生辅导|essay|essay辅导,https://www.xiaohongshu.com/explore/67569ddc000000000402b409?xsec_token=ABdbDZtWlXfVCGAr-w3x_mzjKaKlCEHtP0a4OPUEZNmzM=&xsec_source=pc_search,53,13,47,2024-12-09T07:35:56+00:00,2026-06-24T00:22:49.982553+00:00,essay辅导,data/raw/2026-06-24T00-04-57-259133-00-00/xhs/jsonl/search_contents_2026-06-24.jsonl
685a8d84000000000b02fcfc,6842a15b000000001d01409c,UCL语言班Essay怎么写能拿distinction,"宝子们刚开始写Research Essay是不是两眼一抹黑？学姐也是当过助教的人，带过那么多语言班学生，看着大家从“写作小白”逆袭到拿Distinction，真的走了太多冤枉路！今天直接把实战经验打包送你，速速收藏！
	
1️⃣ Research Log：被你忽略的隐形神器！
每周必交的Research Log千万别摆烂！它就是你Essay的“弹药库”：
- 基础信息：看到文献先记标题、发表年份，养成随手存档的习惯；
- 核心总结：别照搬摘要！用自己的话复述，这可是锻炼改写能力的好机会；
- 大胆开麦：哪怕只写句“这个实验变量没控制好”，也要把想法记下来！
	
2️⃣ 文献筛选：用CRAAP法则精准狙击！
找文献可不是“捡到篮子里都是菜”，这5个标准会帮助你捡菜：
- 时效性
- 相关性
- 作者靠谱吗
	
3️⃣ 注释写作：三步封神模板！
别把注释写成流水账！按这个公式写，瞬间高级感拉满：
1. 一句话总结：提炼作者核心观点；
2. 犀利点评：大胆指出优点或缺陷（比如“样本只覆盖大学生，缺乏普适性”）；
3. 学以致用：说明这篇文献对你的研究有啥启发或限制。
	
4️⃣ 文章架构：CRAAP分类法yyds！
💡 开头段：简单介绍文献，甩一波CRAAP初筛结果；
💡 正文段：把12-15个注释按CRAAP的5个维度分组展开；
💡 结尾段：总结文献价值，再秀一波你的批判性思考。
	
5️⃣ 血泪避坑指南！
🚫 纯描述要不得：每个注释必须加自己的分析，哪怕写“我不认同这个结论”也行！
🚫 拖延症退退退：Research Log每周认真写，后期直接复制粘贴，香到飞起！
🚫 格式控注意：引用格式（Harvard/APA）必须精准，一个小错误都可能扣分！
✨ 最后必杀技
	
实在是不会，或者急着要的，可以喊学姐哦～
学姐没啥大爱好，就是爱写点essay，dissertation啥的[害羞R]
#essay[话题]# #语言班essay[话题]# #ucl语言班[话题]# #英国语言班[话题]# #essay辅导[话题]# #essay修改[话题]# #英国留学生[话题]# #dissertation辅导[话题]##dissertation[话题]#",essay|语言班essay|ucl语言班|英国语言班|essay辅导|essay修改|英国留学生|dissertation辅导|dissertation,https://www.xiaohongshu.com/explore/685a8d84000000000b02fcfc?xsec_token=AB3c06Rst8K_Z2hdZ_JALWr0FzFV3MIXadXutYAm5UeUc=&xsec_source=pc_search,46,59,1,2025-06-24T11:35:32+00:00,2026-06-24T00:22:49.982553+00:00,essay辅导,data/raw/2026-06-24T00-04-57-259133-00-00/xhs/jsonl/search_contents_2026-06-24.jsonl
69eb265b000000001f030c00,6680e6e600000000030318c2,英本essay辅导,英本计算机专业找essay辅导有没有推荐的#留学生计算机辅导[话题]# #essay辅导[话题]#,留学生计算机辅导|essay辅导,https://www.xiaohongshu.com/explore/69eb265b000000001f030c00?xsec_token=ABJkw6ZBGivo02__U_VvrNBQazOwUJV1CS7fiPYXfWlos=&xsec_source=pc_search,41,3,22,2026-04-24T08:14:19+00:00,2026-06-24T00:22:49.982553+00:00,essay辅导,data/raw/2026-06-24T00-04-57-259133-00-00/xhs/jsonl/search_contents_2026-06-24.jsonl
67ee462c000000001c011eca,67da553c000000000e0127ee,真诚发问写essay的澳洲留子们🇦🇺,"真的不想再被due折磨了啊啊啊啊，我就是一个学术垃圾，只想顺顺利利毕业罢了
发问
大家在找essay辅导帮忙写的时候
1.1/字贵吗？
#留学essay[话题]# #essay[话题]# #万能的小红书[话题]# #essay辅导[话题]# #留学生辅导[话题]# #澳洲留子[话题]# #赶due[话题]# #澳洲[话题]#",留学essay|essay|万能的小红书|essay辅导|留学生辅导|澳洲留子|赶due|澳洲,https://www.xiaohongshu.com/explore/67ee462c000000001c011eca?xsec_token=ABFVrTxXBRTbYUVsZsd2b-XE80ypiTPzovpybo4ulQUyM=&xsec_source=pc_search,40,10,20,2025-04-03T08:26:20+00:00,2026-06-24T00:22:49.982553+00:00,essay辅导,data/raw/2026-06-24T00-04-57-259133-00-00/xhs/jsonl/search_contents_2026-06-24.jsonl
6a27d667000000001c027d69,69fc30a40000000002002405,求靠谱的essay辅导！！,"我是真的没招了…看来看去感觉好多托啊啊啊
有没有靠谱的推荐一下啊！
#论文指导[话题]# #留学essay[话题]# #英语论文修改润色[话题]# #留学生作业[话题]# #留学生辅导[话题]#  #课程辅导[话题]# #essay辅导[话题]#",论文指导|留学essay|英语论文修改润色|留学生作业|留学生辅导|课程辅导|essay辅导,https://www.xiaohongshu.com/explore/6a27d667000000001c027d69?xsec_token=AB38yrW3jr9cba-NlJofpUJDsfzxe9LalcPbBxMrAUQc8=&xsec_source=pc_search,37,6,70,2026-06-09T09:01:27+00:00,2026-06-24T00:22:49.982553+00:00,essay辅导,data/raw/2026-06-24T00-04-57-259133-00-00/xhs/jsonl/search_contents_2026-06-24.jsonl
680c9125000000001d01d224,6805b2b4000000000e01cf59,急急急求dissertation辅导,急急急求dissertation辅导 #essay辅导[话题]# #essay润色[话题]# #英国留学生[话题]# #英国留学[话题]# #留学生essay[话题]# #essay赶due[话题]# #essay写作[话题]# #留学生[话题]# #essay[话题]#,essay辅导|essay润色|英国留学生|英国留学|留学生essay|essay赶due|essay写作|留学生|essay,https://www.xiaohongshu.com/explore/680c9125000000001d01d224?xsec_token=ABljEHayLkEcC3xrNA67R5jDifM6vPkrvFw9CHn02Wvmo=&xsec_source=pc_search,38,10,33,2025-04-26T07:54:13+00:00,2026-06-24T00:22:49.982553+00:00,essay辅导,data/raw/2026-06-24T00-04-57-259133-00-00/xhs/jsonl/search_contents_2026-06-24.jsonl
69f1690f000000001f007270,6832ff41000000000e0100c9,来个靠谱essay辅导,这essay写的人要抑郁了。想发疯，我讨厌写essay。呜呜呜有没有人可以救我,,https://www.xiaohongshu.com/explore/69f1690f000000001f007270?xsec_token=AB8aXmArjLuUNN80p73MgvukEkIXPKq4hBwY8H1nuPJps=&xsec_source=pc_search,32,6,82,2026-04-29T02:12:31+00:00,2026-06-24T00:22:49.982553+00:00,essay辅导,data/raw/2026-06-24T00-04-57-259133-00-00/xhs/jsonl/search_contents_2026-06-24.jsonl
687e0390000000001703635d,67a9c26e000000000e010a67,给大家普及一下午水完2000字essay,"写一篇合格的essay，最起码得提前一周开始准备，最少也得留三天。不断修改打磨，才能确保写出来的内容有深度、不水。但是我知道你们还是会拖到最后一刻才开始
那今天就给拖延症的小伙伴们分享一下，怎么在一天内高效搞定一篇1000-2000字的essay
1️⃣ 打开作业要求仔细读题（约耗时 30 分钟）
将 deadline（若提前一天写，比如明天）以及具体 criteria 标红并加粗。
2️⃣ 跳过 Introduction 部分，直接着手列 Main body 的提纲（此为重点环节，根据题目，需耗时 4 至 6 小时）。
Main body 无论是分三段还是四段，结构基本相似，主要包含四个部分：主题句 + 例子 + 分析 + 结尾句。写这部分时，不必一开始就追求细节，以免影响思路，先列出 outline 即可。一旦有了清晰的思路，这篇 essay 至少能及格。每一段坚持 “五句话原则”
3️⃣ 依据主体部分撰写 conclusion（耗时 30 分钟）
此部分无需新观点或引用，纯粹是对上文内容的总结。但要注意，不能直接抄袭上文句子，需进行改写。遵循 “四句话原则”（也可将某一部分扩展为两句话）。第一句总结前面讨论的内容；第二句指出前面研究的不足；第三句为过渡句，连接上下文，引出自己的观点；第四句简要总结自己的观点。
4️⃣ 最后才开始写 Introduction 部分（耗时 30 分钟）
这部分需遵守 “十句话原则”。第一句为背景介绍；第二句是关键词定义；第三句阐述课题的重要性或选择该题目的原因；第四句指出之前研究的不足；第五句说明研究方法；第六句阐述自己研究方法的优势与不足；第七句进行观点陈述；第八至十句介绍全文结构
5️⃣ 补充前面不完整之处（若前面写得好，此部分耗时 1 小时即可完成）
这包括将未写完的句子补充完整，若证据缺少 citation，需按照格式（如 Harvard、APA 或 MLA 格式）添加 reference
⚠️ 千万记得进行语言润色和校（Proofreading），切勿因低级语法错误而丢分。语言与段落结构、解释观点的方法以及副标题等同样重要
#留学essay[话题]# #essay[话题]# #essay辅导[话题]# #留学生辅导[话题]# #essay写作[话题]# #留学生作业[话题]# #dissertation辅导[话题]#",留学essay|essay|essay辅导|留学生辅导|essay写作|留学生作业|dissertation辅导,https://www.xiaohongshu.com/explore/687e0390000000001703635d?xsec_token=ABJk_BqmiKhVtta6KZhiP3ApAsbf8RJxTZ9QaOB6-RwEw=&xsec_source=pc_search,31,28,1,2025-07-21T09:08:32+00:00,2026-06-24T00:22:49.982553+00:00,essay辅导,data/raw/2026-06-24T00-04-57-259133-00-00/xhs/jsonl/search_contents_2026-06-24.jsonl
694b815d000000001f00eb37,6808780c000000000d00950d,留学生全科作业辅导，负责到出分为止！,"📚如果你也在国外读书，那你一定懂这种感觉。
不是不努力，
而是作业真的太碎、太多、太密集。
一门课一个要求，
每个老师的标准都不一样，
好不容易写完，还要反复改格式、改逻辑🥲
	
🌍 留学生最常见的难点：
❗ 不确定作业有没有踩中评分点
❗ 写作结构混乱，自己都看不下去
❗ reference 永远有问题
❗ 多门课 DDL 撞在一起，压力拉满
	
✨ Anna 留学辅导的方式是这样的：
📌 先一起读清楚要求和 rubric
📌 明确这次作业“怎么拿分”
📌 分阶段完成，而不是临时赶工
你随时可以提问，
不是听懂就算，而是确保你真的会用。
	
📊 热门咨询方向包括：
商科 / 计算机 / 教育 / 心理 / 理工科等
📩 如果你现在正被作业困住，欢迎私信
#留学英国[话题]# #留学日本[话题]# #留学美国[话题]# #留学香港[话题]# #留学生[话题]# #留学生辅导[话题]# #留学生作业[话题]# #留学辅导[话题]# #留学[话题]#",留学英国|留学日本|留学美国|留学香港|留学生|留学生辅导|留学生作业|留学辅导|留学,https://www.xiaohongshu.com/explore/694b815d000000001f00eb37?xsec_token=ABA2k4fPmrrdDqYL1stuSH5GkplRNpzyGGa1c52DQC2Ug=&xsec_source=pc_search,31,6,5,2025-12-24T05:59:57+00:00,2026-06-24T00:22:49.982553+00:00,essay辅导,data/raw/2026-06-24T00-04-57-259133-00-00/xhs/jsonl/search_contents_2026-06-24.jsonl
